{
    "display": {
        "icon": {
            "item": "minecraft:fishing_rod"
        },
        "title": {
            "text": "Classic Fishing Loot",
            "color": "white",
            "bold": false,
            "italic": false
        },
        "description": {
            "text": "Brings back the old Fishing Loot while AFK Fishing",
            "color": "green",
            "bold": false,
            "italic": true
        },
        "show_toast": false,
        "announce_to_chat": false,
        "frame": "goal"
    },
    "parent": "main:main/root",
    "criteria": {
        "tick": {
            "trigger": "minecraft:tick"
        }
    }
}